{"proxies":{"net.birdirbir.admobrewarded.RewardedVideoProxy":{"superPackageName":"org.appcelerator.kroll","methods":{"showAd":{"runOnUiThread":false,"hasInvocation":false,"args":[{"converter":"org.appcelerator.kroll.KrollConverter","defaultValueProvider":"org.appcelerator.kroll.KrollConverter","name":"obj","sourceName":"obj","type":"org.appcelerator.kroll.KrollDict"}],"apiName":"showAd","converter":"org.appcelerator.kroll.KrollConverter","defaultValueProvider":"org.appcelerator.kroll.KrollConverter","name":"__default_name__","returnType":"void"},"loadAd":{"runOnUiThread":false,"hasInvocation":false,"args":[{"converter":"org.appcelerator.kroll.KrollConverter","defaultValueProvider":"org.appcelerator.kroll.KrollConverter","name":"obj","sourceName":"obj","type":"org.appcelerator.kroll.KrollDict"}],"apiName":"loadAd","converter":"org.appcelerator.kroll.KrollConverter","defaultValueProvider":"org.appcelerator.kroll.KrollConverter","name":"__default_name__","returnType":"void"}},"superProxyBindingClassName":"org.appcelerator.kroll.KrollProxyBindingGen","proxyClassName":"RewardedVideoProxy","proxyAttrs":{"propertyAccessors":[],"fullAPIName":"RewardedVideo","name":"RewardedVideo","proxyClassName":"net.birdirbir.admobrewarded.RewardedVideoProxy","isTopLevel":false,"id":"net.birdirbir.admobrewarded.RewardedVideoProxy","creatableInModule":"org.appcelerator.kroll.annotations.Kroll.DEFAULT","parentModule":"org.appcelerator.kroll.annotations.Kroll.DEFAULT"},"packageName":"net.birdirbir.admobrewarded","sourceName":"net.birdirbir.admobrewarded.RewardedVideoProxyBindingGen","superProxyClassName":"KrollProxy","isModule":false,"genClassName":"RewardedVideoProxyBindingGen"},"net.birdirbir.admobrewarded.AdmobrewardedModule":{"superPackageName":"org.appcelerator.kroll","methods":{"initialize":{"runOnUiThread":true,"hasInvocation":false,"args":[{"converter":"org.appcelerator.kroll.KrollConverter","defaultValueProvider":"org.appcelerator.kroll.KrollConverter","name":"callback","sourceName":"callback","type":"org.appcelerator.kroll.KrollFunction"}],"apiName":"initialize","converter":"org.appcelerator.kroll.KrollConverter","defaultValueProvider":"org.appcelerator.kroll.KrollConverter","name":"__default_name__","returnType":"void"},"createAd":{"runOnUiThread":true,"hasInvocation":false,"args":[{"converter":"org.appcelerator.kroll.KrollConverter","defaultValueProvider":"org.appcelerator.kroll.KrollConverter","name":"hm","sourceName":"hm","type":"java.util.HashMap"}],"apiName":"createAd","converter":"org.appcelerator.kroll.KrollConverter","defaultValueProvider":"org.appcelerator.kroll.KrollConverter","name":"__default_name__","returnType":"net.birdirbir.admobrewarded.RewardedVideoProxy"}},"superProxyBindingClassName":"org.appcelerator.kroll.KrollModuleBindingGen","proxyClassName":"AdmobrewardedModule","proxyAttrs":{"propertyAccessors":[],"fullAPIName":"Admobrewarded","name":"Admobrewarded","proxyClassName":"net.birdirbir.admobrewarded.AdmobrewardedModule","isTopLevel":false,"id":"net.birdirbir.admobrewarded"},"packageName":"net.birdirbir.admobrewarded","sourceName":"net.birdirbir.admobrewarded.AdmobrewardedModuleBindingGen","superProxyClassName":"KrollModule","isModule":true,"genClassName":"AdmobrewardedModuleBindingGen"}},"modules":{"net.birdirbir.admobrewarded.AdmobrewardedModule":{"apiName":"Admobrewarded"}}}